CGU,003501,002896,004777,003362,003840,002181,009105,005840,006028,000915,000642,002657,009736,001540,000397,001388,005165,006220,002295,001077,003565,005307,007039,008800,006345,006590,004058,000532,002386,008503,005087,007397,006219,006771,005312,008830,009976,006774,003750,001684,004051,007647,007007,008627,001099,004919,001829,002928,009069,005076,006905,000628,004012,000277,000019,006750,001004,007538,003017,006967,004945,007381,003199,003043,007609,003686,007723,004538,007451,003610,003929,004973,004495,002130,001688,003345,005302,003015,003762,007555,002796,001565,000672,009388,008714,000548,007770,007720,004713,007245,004681,004469,004818,002410,008723,005018,001746,004636,004920,003109,004594,001163,009738,008605,000425,009073,005768,003273,005730,007970,004612,008581,001184,005226,004717,001680,000973,008834,002227,002895,005759,001710,009691,008178,006581,006616,008660,001111,008078,004360,008151,000030,001028,002222,004074,004164,002501,006858,009183,007420,005649,003090,007894,009840,000194,006255,003773,001587,008107,000229,008900,001185,008126,007398,000042,000226,000184,007840,007147,007329,009385,006582,001636,009414,007140,004930,005525,004535,007163,007004,005415,005379,009544,005178,008046,001275,007678,005124,001357,005911,006954,008957,005365,007415,002064,003325,006064,005920,006576,001013,002601,003096,008225,004767,004921,009777,005508,003857,007899,008320,004870,003380,008223,000206,007746,007848,002605,005260,008655,003453,003363,003642,005436,000894,006075,006047,007299,008604,006790,001424,000699,004350,007677,003545,009119,006099,008569,002702,004829,000574,005591,005862,003489,003700,008430,000450,004855,005778,006974,006658,004345,009184,009140,003013,000961,007318,008712,007985,006052,003129,009603,008122,006236,004537,000812,008799,001149,000245,004480,002359,009655,002772,003240,001639,000869,007701,005069,005349,009121,001106,007714,004734,001914,000853,000350,002905,004106,009578,008412,007335,002306,000707,008307,009978,009963,003845,006362,002631,007721,007509
CMU,002688,004482,002887,000956,006158,002042,007873,002375,005856,002611,003034,008510,005968,002232,000516,005926,006756,001588,002131,004366,004146,004695,001546,000732,009125,002966,000959,004750,005437,002530,008251,007568,003315,006610,004542,003550,001689,003770,001470,009148,001677,003555,005387,001092,008288,009898,002146,002193,006833,009405,002978,006014,005111,008079,004266,009252,001216,003472,006453,002045,004220,006442,004845,006092,000458,005521,009442,008911,007512,001887,001400,008829,000086,005103,007812,000855,008960,003049,005742,001244,002123,000024,009040,000538,002711,005707,005357,003650,002675,007802,008730,002369,005624,007283,005392,008140,005642,008967,005180,009941,001552,004095,000648,002126,005416,000274,003624,009196,000075,005223,001186,006062,001005,007627,000920,006172,008670,004806,003582,001208,001815,002258,002171,004049,003458,009113,004785,005757,007954,007933,009996,001978,005139,000390,002616,002574,004934,006945,002579,004002,003326,001506,007931,003086,004380,008873,000088,004753,007073,000174,008684,005592,000983,000517,003852,002608,005210,002384,009362,009070,009472,002728,007005,003469,005677,006640,008030,001022,004035,005463,004764,000940,002294,009240,000423,005688,004514,005108,003206,000446,000601,001488,000273,001116,005644,009316,008986,006301,004951,005844,000135,004194,003223,004015,004330,006216,001048,004042,007344,006573,006926,005028,008424,005815,001933,005389,006326,002013,008924,002804,009800,006770,007497,009921,003536,009139,000295,001453,002411,005639,006809,001748,009870,001049,005147,008099,005958,005648,001421,003523,006819,001417,003119,000469,009448,005275,004056,001235,005036,008100,001078,008271,003365,000130,006646,005647,004584,000066,003184,006073,006352,000660,007051,004265,001772,009684,006600,004356,004691,007863,004947,003289,006568,000150,004419,000580,006874,007708,006920,007210,000611,005298,005441,003754,000037,000713,005449,002795,008854,004787,003551,005171,004807,000134,004267,000291
CSMU,000124,004038,003215,003148,006349,008514,006530,008538,004073,006398,009006,005299,002829,007410,009163,009278,003771,001578,000310,001960,005699,001737,007436,003322,008306,009473,007907,002202,007621,005605,004798,005732,005215,008699,009698,007876,003403,006979,004120,000903,009697,000630,005130,000866,002283,005534,009689,004165,009390,007230,006699,006662,003135,002753,007411,002107,004119,000375,007098,004280,007403,006384,008458,003576,003849,009489,009340,003149,008706,009219,009733,008946,006037,006296,007382,008647,006618,004299,008591,005728,008120,009096,000141,008435,000039,009991,003967,006105,001599,001252,003966,003739,007513,007470,000218,003008,005793,009098,008326,005682,006585,006249,003263,003554,001994,008186,007387,002998,003035,002268,003786,003243,008296,005562,001123,001483,009117,008376,000203,009261,007820,007656,009216,008577,001333,003681,001340,009450,000360,001198,003723,009436,003452,004618,006939,001532,004192,000444,008000,001519,002179,004008,008149,008620,000337,008757,003863,009404,003320,007768,002019,007045,009365,008476,007578,005959,006292,004340,000177,008675,002593,006307,002552,008385,002337,003899,007689,005176,009310,006397,002249,005872,000963,006001,008893,007290,006758,009233,000036,009650,007358,000828,001109,008563,004391,002325,006792,005164,005135,003113,006238,002160,006120,008142,001976,006838,001885,003371,004211,002428,002302,009068,007162,005517,003130,005064,007430,008540,006717,005442,002096,002351,000778,001923,004895,001102,000264,000867,001656,006445,003307,006167,003809,008922,005469,008305,004230,002508,003144,000079,003854,001250,009563,005706,009895,007695,005549,000348,007356,003991,007399,007148,004043,007391,005899,005105,009359,005802,003607,007181,000250,005678,000999,008215,002591,000378,001427,006928,006836,002696,007437,008920,008736,000781,006820,001285,001703,000596,005110,007793,004797,009110,009630,006074,003800,001302,000666,005701,005057,004053,004873,004375,006177,006433,009364,002919,008083,008704,002632,009713,004322,007326,006027,004067,005066,009009,006237,008836,005396,007092,003355,002073,009778,005456,007535
CYCU,000491,001633,005889,002080,001814,003319,004851,009324,002519,001320,008160,008680,001074,004740,000461,006109,009016,003886,000543,001341,008562,003460,006786,009741,006534,001477,006849,006198,004519,002413,009813,006065,003972,007630,008279,002709,003314,001600,000885,003687,000887,006729,004622,002417,002381,004100,007828,002189,000680,005098,006276,004952,007533,008955,004242,006079,004763,007781,003952,009143,005937,005943,009532,008422,007988,003103,005323,007178,006299,001448,009241,000020,003804,006012,006531,003836,000084,002430,003683,007345,000067,008066,000609,008821,003823,002264,002183,007998,008508,009621,004834,007881,004302,005910,003764,004247,004812,005809,009272,004761,006353,004986,005689,008421,003277,006831,005791,002406,007070,005939,008492,005598,000413,003998,009703,003312,005434,009635,002886,002087,002793,001696,004643,004796,006930,005013,000945,000152,007469,005008,000816,004720,005936,005306,008596,001204,003078,004605,009491,005371,007737,004113,000518,008716,008327,002639,004581,009866,005433,007367,001966,001491,002135,004467,009858,001963,002652,006900,001071,005558,001817,000147,001679,006847,005708,002307,005059,002272,008515,000441,008437,009953,005284,008673,003693,009970,007722,004197,004654,001068,009739,001618,003242,004384,009874,002409,005291,008491,002797,002646,002320,007806,000783,003709,002997,007171,006555,004292,007037,007724,004571,000440,000643,004570,005638,007160,005934,009134,007740,008801,009869,005328,002137,007124,008557,009167,008533,009120,002586,004708,007030,003780,003372,001551,007088,005384,007867,008544,004560,008404,000445,009744,008869,005792,004217,004311,006091,004020,004224,007537,009447,001678,001053,004502,006644,006336,009081,002819,009441,009335,003634,008983,002088,008618,003132,005632,000752,004098,004716,003541,007766,009083,007651,005964,004406,008034,002780
FCU,009061,008473,000688,001531,003938,008020,000363,005696,006029,001654,005419,007645,001898,003303,008246,007771,005703,009135,007620,001476,009705,005316,001440,008167,006675,000865,009803,007868,000126,006285,000014,007702,009351,001566,006213,001019,003252,006696,000850,006992,007503,006918,000346,006661,007976,004511,001650,005350,001952,005009,005766,002110,002173,000293,009469,009104,001900,000110,002676,001261,001246,003432,001961,000189,005304,002038,009524,000523,005136,008636,007924,006317,000768,006148,007337,002540,008394,008431,008722,006234,009521,000357,003547,005254,007939,002024,008470,008238,004733,000967,006143,009615,006897,000924,004558,004436,005025,003402,001459,003552,005599,008276,007554,001155,006759,003237,008610,002638,008975,009693,000396,003802,008524,008367,006279,001353,009131,009904,005973,000883,004077,008583,002861,008958,003539,008180,001304,003324,005512,006798,009823,006232,001124,006420,009583,001514,000504,005347,006784,001547,001998,005763,005173,008917,005710,009674,002436,006033,005056,004387,002326,000780,008006,002248,002079,001513,002745,002564,003596,008956,002563,003488,009982,006623,007072,002808,009369,004991,004836,004529,007152,004021,007879,006844,006456,004317,006869,002101,002385,006072,003619,009381,003955,008340,004953,003003,004670,005359,008026,006178,003166,002557,009050,002117,005428,009034,000886,009038,004278,008132,002982,001617,006320,008262,003459,005516,008646,001054,002782,001522,002843,007244,003847,004975,007179,001323,003190,008759,003162,004093,009815,003626,008806,000100,001171,001882,001354,006193,004200,007136,005896,008578,003672,005771,002603,007517,004520,006162,005091,008390,008297,001862,005490,003264,005074,007247,009762,003631,006354,002199,002470,000475,008785,006608,003463,002200,000429,004967,002834,009570,007570,000065,007040,006910,003817,004690,000722,004565,006227,003744,007112,002203,005505,009614,009112,004524,006485,009155,005538,001663,008426,003136,002695,001745,004451,008713,000000,005339,007310,004483
FJU,002869,008366,009947,008857,004161,004640,006194,007829,006242,006342,005440,005555,000268,000689,004497,007240,008352,004865,006532,000169,009380,003779,008479,004993,006877,008571,008657,004441,007744,000917,006609,009333,001653,008718,003220,003316,000164,008745,001770,004811,008181,004525,008153,009530,005711,009942,003169,003286,003069,003492,008056,002774,000128,005338,000047,007324,006409,006718,003892,009533,004396,008950,001372,000561,006382,008827,000698,001017,000579,006496,008797,007789,003359,008399,005293,003366,002882,009644,001337,003280,008204,005475,002883,005507,008819,003029,001630,008175,005832,002730,003923,004276,006690,005341,007117,001515,006153,003483,002347,002502,007041,004478,009918,000760,009480,001725,001899,002301,001860,004696,005208,006477,003253,005205,009575,008457,006461,007565,000984,009514,004486,005151,002830,008419,009568,001889,001942,007328,009027,001995,004294,008189,008084,006703,002994,008442,005354,006719,003436,006545,004195,005839,005425,005576,009652,003963,005332,004867,004463,009930,000512,005219,009935,006549,008927,009801,005670,009012,006025,003107,007199,008138,007654,006627,002653,005265,008257,001832,000209,006046,002031,009280,008152,008240,006614,002063,003549,003032,005085,007222,006714,002355,004390,007653,007266,007180,003042,003808,008244,002269,001673,003306,006275,007462,008469,000649,008663,006393,009488,000257,000770,008600,001177,005459,003731,000874,003661,009071,005142,007642,005414,003640,004778,007197,005593,004044,006538,000899,006597,007233,008970,002290,007955,003827,004377,009814,009419,003983,003777,002535,000661,007893,006170,003317,007141,005113,007083,008093,006539,002489,009783,007390,002159,007183,002422,003027,008174,002151,001902,004199,003769,005184,005755,000332,000068,004835,001945,006041,003613,001240,003309,000906,009843,007674,003125,003829,005589,005612,009802,005720,000421,004682,002755,002289,004510,001715,009943,001517,001589,000192,009822,006895,002452,006034,001794,009308,007416,003756,001332,007913,002859,000618,006639,001908,002001
KMU,008072,006476,001088,009162,009321,008050,000861,004979,005010,001836,001651,000472,008116,000653,007332,001130,009580,007825,003544,001586,001827,008324,001434,009617,003249,008853,008378,009471,008452,005421,000160,003643,006277,003310,008337,005845,002665,008119,009302,001131,003192,004905,008839,009171,001247,002670,002629,009862,007139,000010,004354,007551,002516,000393,002279,006607,004072,007493,006404,009910,004946,000113,003494,007792,002458,001136,007591,001396,008653,003567,009470,003358,008002,005685,001269,008242,002132,003522,002635,009609,007973,007865,002057,007968,006500,003474,006726,005540,002058,005693,005779,003926,008287,002216,007448,008641,007280,006800,000276,000379,008057,002456,001380,003389,008475,006431,006100,004251,004029,000072,001897,003801,003947,004370,007255,007272,003001,002102,009682,006914,009618,006948,004724,007958,002832,009914,004155,004107,006713,002732,009503,000026,002093,003210,002610,000911,008210,001365,000356,004429,008298,000394,008102,001144,002837,003572,006142,008607,003349,005554,002231,006300,004412,008751,005528,004728,006966,001693,006286,008710,005329,000671,007372,008131,002390,001429,000980,000859,001857,007258,003281,009475,008805,008890,009291,003036,006540,006755,009464,008965,005942,001343,006395,001969,004944,003949,001441,007969,001634,007536,004554,001751,005467,007942,001786,002924,001321,008075,009931,008711,007208,007886,006943,006310,009607,001058,000272,006087,003649,000685,009194,007799,009107,008645,004861,009483,006964,006870,001478,000403,006466,009023,009968,004248,008738,001436,008909,000109,007123,007099,008993,009984,001428,001992,004496,002679,000214,009453,003627,004104,002967,000994,000862,006896,005773,005251,004913,001383,006668,005045,005050,004336,003150,004289,008586,002104,008762,003577,003385,009977,004737,004167,006452,001724,000717,003876,003487,000399
NCCU,003297,002442,000748,007085,003225,009724,008417,008516,008968,008310,002475,004102,001812,000351,009920,005166,008182,000294,005887,008995,000043,000105,003026,008823,002026,000837,009341,008087,008067,004962,006803,007370,005656,004688,009507,003807,003495,009791,004397,006104,007288,005595,007650,008786,004312,004168,001422,001982,003741,001148,004216,002689,008708,002864,002814,009053,004487,009821,006527,003580,007062,008650,000935,002597,006868,005355,000298,009893,006447,002550,008105,005502,003065,003737,008838,008012,009972,002332,000896,003508,004118,005560,003882,003395,003401,004642,002577,005993,005544,000822,002531,006346,007241,001594,005974,002068,009639,008358,000420,005121,003504,003105,001840,006544,003833,003064,000168,004646,003367,000831,007212,004151,006007,006913,004894,004898,002717,004667,006572,003351,003480,005662,006344,005962,007447,001695,001824,003198,003810,005270,004105,004341,008264,000176,008940,000038,008574,009825,001795,000918,004202,001294,006152,008661,008248,005617,000171,001957,000376,006659,004790,007981,004465,003884,004876,000052,008477,008964,007029,003091,003816,004532,007944,000053,001046,007114,008725,000280,008817,007168,002180,005775,000309,005049,003337,006710,000248,009049,007707,000814,000708,005822,003288,006767,009326,000751,002948,009325,002400,007938,006636,000077,003520,001262,003445,000756,004240,004912,008594,009118,007164,009613,000549,009149,006586,009495,009213,003425,009456,000062,000742,003256,003442,006414,008588,009602,001055,000215,007710,002060,004552,008123,004466,004751,008406,007546,003839,009301,005573,009576,005795,004754,007706,001251,004793,004388,000476,008400,005602,009624,006960,002197,008273,009432,007108,006557,009014,003329,001214,001389,009356,003729,003987,007425,004809,001592,001570,000013,008739,007048,005627,004823,000909,007484,009867,003878,001543,009217,001442,006356,001191,006377,000195,000670,006746,006241,001011,006202,004512,007082,004704,005432,007453,006923,000424,003831,005158,000844,006958,006020,001719,004910,008420,005230,008283,001895,009873,002949,004000,002412,002790,005597
NCHU,009478,005743,005807,007071,005949,001530,001576,005330,002981,001008,000872,002704,000910,001093,008850,003260,004237,003248,004032,001977,009889,008906,002877,002497,001671,003108,000900,008231,008109,006596,008471,008570,006134,001165,001215,004628,001766,006479,009853,006611,003896,008258,009251,008750,001435,001197,008323,001495,004022,004719,009992,006567,007102,009408,007458,007350,004243,004109,000414,006044,002201,008991,006475,005518,009377,002144,004075,005780,008553,005687,002777,003977,009430,003752,002985,001217,000836,004936,000234,009349,004394,002722,000196,009706,009238,002420,002035,009884,007079,004404,006085,007095,001931,008453,002871,008781,001883,005003,004027,004723,007246,003354,003925,002315,001867,009132,001458,002833,008205,003116,004004,007910,004803,000028,005686,007739,008488,008101,008156,007191,003871,009423,007217,006137,001014,003398,000993,009065,003979,007239,003214,005514,001741,007897,001714,006842,003378,006778,005448,006427,003146,003793,008691,009546,005082,005361,007267,003673,003012,001069,008668,006214,005929,008809,006978,001571,006239,007028,007797,001512,006245,005954,008732,005805,002049,002853,005409,008356,003641,002211,004425,007224,004969,009574,005218,008698,008878,001066,005491,003587,004206,005170,001968,007745,003318,000430,009244,009955,004971,007474,008951,003140,004727,000040,006200,008292,002029,004881,007872,002327,009091,007295,006881,001785,003196,005583,007937,003653,001937,004776,001195,009403,001280,003601,005789,008601,000818,002253,006233,008550,008860,007974,007567,009676,007809,008103,007353,000793,008818,006448,000181,006901,009115,004293,006731,006804,005250,009021,004477,004416,005660,009005,001409,009074,008338,002041,001527,001103,007279,000554,001750,003566,003095,005172,003482,001955,005278
NCKU,009919,003605,001024,004715,007915,007235,009209,001858,001258,006854,006059,001652,000802,006787,009660,002195,002779,009601,005818,006740,003579,001112,003440,009581,000488,004212,005788,006265,003083,003193,006366,000466,008064,002446,003962,009934,002912,004379,002656,008763,003616,004234,001238,003697,005119,001796,002352,005431,003275,002604,006624,009740,004166,002408,005472,007409,005495,000875,008312,003798,007946,007000,000570,006097,003842,005567,000069,006071,006128,004140,005680,003543,004556,002698,009262,003188,007010,006480,009784,002403,001180,003794,005529,001685,006284,000686,009631,009661,007499,009004,001743,007254,004326,000651,008188,001194,000577,009339,003745,000324,007189,007993,005244,006450,009266,001362,007226,003159,000582,002960,004459,009200,008852,003606,005907,000524,008023,004985,009668,004184,002846,008863,000795,001681,003682,005381,002820,002590,006708,008921,007184,004491,003652,008493,007404,005532,002699,002276,001297,004875,001411,006045,000541,007340,003519,006629,008449,000092,003446,005102,006063,009730,004205,000008,009017,001303,008236,000539,009330,009600,003865,005461,004964,008526,006526,008522,005426,002740,001161,008022,002149,002399,009211,002641,009398,008884,001879,004170,003204,003247,007322,008527,005641,004926,007898,005653,000435,003417,002941,000848,005825,003173,000889,000422,000550,002759,005765,004601,003707,001175,001431,003908,005093,006464,001787,002333,004827,009710,009929,005848,009193,009565,004141,004943,001593,001828,007483,008219,005408,001818,006882,008329,001291,001606,008593,007839,003575,009029,002881,005280,009606,000511,009137,005335,003557,004989,008416,003902,005162,009318,009124,007365,003399,004810,000138,002884,002677,007794,001213,003797,005858,006274,008169,002533,004650,003257,001692,004153,005667,005982,008443,001292,008359,001550,008384,001670,003061,004254,000731,009391,002170,009097,008979,007889,000535,008237
NCTU,006428,000256,005695,008041,008831,008037,006478,007232,000552,005916,000587,008638,002363,009665,005712,008260,000964,002210,001917,001167,007122,000832,005112,007504,003818,002668,002353,000219,001735,009548,000873,006169,007361,000949,007661,004207,008845,005337,004096,002081,006325,004427,004611,003560,004666,002336,007738,000278,002339,001301,009160,009620,008766,000496,007305,009286,001082,006769,000890,002876,006038,006090,009670,004614,008559,007918,003569,008622,000907,004871,001582,002749,007413,002484,001702,008637,009653,009637,009680,006879,008915,005702,007688,001499,001536,001319,000022,006159,009368,007860,008807,001723,000162,000974,007077,005854,009640,000790,004929,009824,006417,000784,001675,002469,008173,000519,004676,002304,002645,003761,005109,008531,004963,008114,000711,005067,005515,007044,006890,006246,000948,008989,007911,001020,006168,005619,002996,002655,008721,001072,004440,004553,009975,002404,009275,000285,003473,005786,005548,001045,006569,005209,004555,002310,004462,004718,009865,003100,001207,005814,006287,001863,007878,004132,004365,003805,003533,002880,000740,004219,001034,004424,003121,006288,004150,005586,008255,007338,008518,004262,002362,000281,007489,000306,008692,005369,004452,001443,007498,006185,000683,000621,002383,002441,003099,006980,007754,004872,003598,005524,001452,000762,004999,007060,003342,004028,007101,000365,007011,000382,008124,000210,008908,002512,003897,004578,001980,005868,002769,002938,003021,007850,006592,005228,004782,005154,000438,007227,001631,007672,003666,001585,001330,006306,007111,003819,005346,001712,005758,000765,000563,006444,001892,003384,002293,003527,001619,009344,003340,000322,005500,008315,002984,000926,007116,000750,008104,000602,005547,001336,005199,006814,000321,000908,009383,006685,006192,001361,007673,001941,003719,009045,000513,000726,001036,004332,009350,005247,002273,007949,004479,008145,007115,007861,007699,001145,006777,009551,002438,004911,008355,001152,004931,001457,009742,004756,000391,007561,009627,006957,002348,009142,002405,002229,001318,004129
NCUT,002226,007169,008685,006835,009785,004840,005725,000877,005452,002015,007309,005985,005065,007629,006873,004965,004439,002230,005217,005241,007460,007616,009130,002821,007449,006364,002112,002555,008286,006937,007128,009089,007167,006693,008616,003772,004822,006376,000695,005163,009745,005399,007750,001212,002221,009808,009443,001665,008794,009111,005348,005960,009677,006845,007934,009306,005692,008005,008461,009766,006093,008465,009222,001010,002039,009896,001067,004239,001896,004313,008148,007383,000588,001414,001762,002205,001915,002615,000320,000059,007369,004595,009215,009894,008478,003321,000777,003917,008947,008895,006492,006975,006904,005879,006295,005052,006902,005902,003394,005976,009270,003408,009066,000833,008374,005451,009752,009735,006751,003999,009520,003701,000723,007700,008157,001061,002529,002647,002389,008198,000942,006488,006421,001666,009422,006716,005318,009307,006430,005356,007216,001953,009312,002376,003581,004383,009775,005603,009013,002485,002082,002349,009039,003041,006735,005596,008150,009158,002977,008407,005657,009508,007753,001903,004456,001268,009273,003685,004115,005444,007742,007467,004068,006560,002558,002522,002418,003637,002286,003795,006641,003437,000767,002514,004481,007357,001916,000009,001810,001549,007814,005188,000526,003751,005221,001281,007936,004847,009715,007811,002701,003796,007603,001993,004918,008055,006144,008481,000012,006883,004534,009067,005133,006862,007846,002619,006564,008978,000127,003885,009161,003746,001873,004410,002466,007726,006183,008724,004745,007058,005956,004596,001150,004136,001911,002554,003265,000380,008626,006775,001413,000303,008579,002721,001769,005665,004686,003931,000606,008234,009093,001612,006024,001146,003084,007145,007618,006878,007953,003284,008904,006528,008842,004052,008071,002659,008608,004488,005762,006338,000313,001277,009529,009952,005721,001801,001822,000442,009221,003031,005797,008159,005157,006672,003647,007024,000969,008773,004082,000830,003082,008065,001115,008184,004236,006744,002750,006911,002424,002671,005542,000803,001345,007149,007446,008490,000595,005352,007749,003468,006106,009881,001648,008318,005977,001500,002402,005411,004933,007252,000083,001523,003674,004083,001740
KUAS,003490,000478,004232,004528,006706,003593,003407,007231,003658,000383,008749,006408,002215,004025,005290,002651,003203,006903,004468,007204,009123,004361,009232,004564,005479,002600,008447,003578,008719,003377,009625,008183,005006,009338,000392,006124,004600,009474,005739,007257,003730,001012,004890,005722,006259,009228,003735,008846,002119,009247,006347,002265,005877,003020,008016,001316,007198,008536,003657,004351,008740,003600,009658,006489,003461,000173,001278,008095,000714,005070,007501,002606,003969,004966,004215,009755,002969,003603,005222,007787,005834,002407,009663,004635,003932,003234,005460,007482,000448,004177,001605,004409,009024,000547,001154,007576,001584,009147,008664,002683,001533,008368,007496,008872,005800,002473,005276,006762,009515,007822,009890,007837,005016,008108,005574,004772,004624,002374,000300,005206,005568,001988,007069,004658,005894,004244,001831,008905,004343,001468,006802,004304,009500,006196,006116,003039,009657,004887,006772,001296,002141,007664,001591,005683,003216,009030,009528,007980,001378,006451,003262,003484,001196,000216,005842,007525,000374,005252,000166,004917,005360,003050,000235,007366,002011,009880,004186,009036,006181,004457,003958,000878,009299,003880,000116,004484,009948,008017,001913,002817,006483,005032,005946,007020,005905,004154,002254,006171,003229,007432,000796,006082,006446,006314,007595,003059,000386,007965,000594,007213,000330,009694,002457,008862,001868,007405,000204,000952,003055,001525,001489,005623,003239,005841,007444,002874,004685,003909,002154,008640,003846,006467,005465,006199,006432,001806,005713,004765,001349,002003,005152,001107,007414,001813,002587,003098,006305,007002,003898,002053,005965,005676,003238,007468,008230,009371,008945,009317,002561,003787,001901,000558,001087,002921,003509,007824,004066,008602,009636,005630,007278,002247,000546,009536,003766,004573,000486,006995,006973,009225,005883,007143,009170,002260,005794,006709,002069,005160,008425,006748,004864,008280,007206,008828,006698,008973,009987,001610,003491,008051,008671,003654,001464,002523,007377,007530,001509,002048
NFU,000534,004446,008988,003644,008086,005569,000712,007778,000208,001920,005363,008197,005961,008776,004048,008936,003900,009849,001325,000500,001526,005246,006663,004188,004046,006807,004826,000551,005803,009094,008440,002936,003005,003860,001705,003165,000045,007219,005296,003879,001655,001504,008688,009915,009051,007966,004112,006127,003287,002346,006392,003157,006396,007636,003574,005015,002250,005116,001026,007903,009662,008501,005668,008042,008335,001178,000638,008954,002297,002892,006828,005631,000254,004137,002690,009788,009709,001954,000937,009582,002285,009331,007727,001781,005876,002526,006796,003677,001672,009357,004089,000809,002308,002680,002176,004181,008270,001581,004992,009031,007176,003956,005324,004059,007459,005186,009954,001718,005506,008825,009268,000063,005908,009966,009230,000773,003397,003376,006711,009451,003200,000503,005952,008388,006015,003269,000027,006260,006522,009197,006578,008549,007610,006182,005485,000709,007975,009537,007236,005531,000457,002802,006676,008798,005099,003859,006857,004070,001676,007461,004411,006605,005271,006509,004358,008077,002687,008455,003589,002571,004449,004163,006782,000231,001474,008733,000842,001311,003548,001166,006026,009628,000314,003604,003124,008649,006702,001310,002867,007052,002584,006036,008162,003705,001485,003428,000864,008433,000995,005457,002661,001064,004961,009950,005123,008875,002479,001970,006981,004138,006520,000381,006132,009897,003424,006962,000728,007331,008035,002582,008110,002161,006952,006513,005784,002602,006221,005395,003217,002826,002809,003512,004711,008676,007849,004988,001965,004889,003974,006684,005161,003418,007281,008290,008702,006315,009913,006866,006856,008080,009418,009864,004634,005214,003881,008803,007429,008742,003147,002329,004149,004758,006204,008847,009547,002091,003076,008639,007439,008532,000198,000131,009320,001498,008308,002627,006577,003732,008282,008747,008450,000201,000987,006546,003347,002858,009945,008275,009454,004575,005890,002451,006991,000754,008118,008729,008919,007571,001084,002033,005473,000316,009172,009997,003300,009018,008677,008791,000074,002174,008053,007401,005821,006505,000165
NKFUST,002368,005948,004608,005454,001267,000158,001364,000317,008633,008226,009912,000608,008816,002595,005061,006379,009154,002855,002077,008059,000327,002654,002465,000405,000922,004501,007521,002255,009455,004393,006884,003506,006670,003664,007074,004780,002120,000665,006853,003740,006180,001924,007507,009274,009100,005231,009973,006889,005134,008918,006179,000207,002177,003571,002240,007113,009444,008528,005088,001602,005643,009819,005613,008659,007207,008814,003081,004208,000477,002361,007454,007294,008902,007352,008423,004841,002147,000299,009516,008207,009329,007360,005033,006606,006548,001206,006211,009907,008886,001032,004064,007917,004956,009981,003115,008603,005953,002037,006487,001133,002528,006248,007963,007585,008715,006066,009182,004562,002027,004097,008325,001114,004362,008001,001342,006290,000585,008218,009704,006805,009360,007845,004749,005944,006369,008556,008096,008833,003044,005816,003168,002852,001462,007543,005537,004190,004081,000553,009720,006907,007971,000684,009643,000662,003294,007531,009079,005019,001886,006580,002194,000149,009626,002583,009949,000118,002169,007994,003667,006625,002612,000834,002517,008832,001757,002453,008866,005747,005269,005655,000881,004309,009378,003980,004185,001497,002757,004279,005040,007173,004069,002935,008758,001015,002813,006280,003074,008342,007564,007598,004955,004774,002534,005622,009969,004005,002499,009092,008982,001501,008362,008302,002961,000986,003546,003985,008672,005303,009126,003768,000011,008779,008891,000224,002926,008634,009003,000070,005305,007586,009504,009605,003155,001950,007301,005342,007648,003903,001220,001386,002047,006982,007418,007486,008795,000089,008534,006222,003946,008349,006053,005888,005144,000453,003891,007317,002270,003456,000572,005277,009761,005287,002377,008032,009846,008212,007843,002481,002662,006462,004349,004699,000951,009558,007012,001264,007038,005353,002188,000319,005745,003122,005496,009138,001456,006103,007823,005169,002034,007729,005897,003759,008648,000451,000129,006226,000307,006267,006157,005407,007566,007242,002862,008194,002360,003592,002784,003500,007472,009254,006946,001307,007476,009902,008267,008214,003097,004516,004506,009248,008350,000798,004633,002544,007619,009855,005096,005125,005903,002423,006630,004438,000463,007193,008357,007522,003276,007573,000692,007990,001528,006739,004674,000745,006986,003921,002244,005604,007291,003414
NKNU,008667,009015,005331,003564,001559,000925,001430,006278,002100,007628,000367,004663,006968,001104,005796,001289,002570,007161,001583,002803,008882,004521,009690,005770,009406,007394,009490,005150,000829,006961,002625,002498,002280,001295,009590,000487,004460,004226,007434,006595,006840,000598,002044,003088,006931,006385,008567,002955,002760,008768,008529,000806,003429,003292,001339,001110,009861,003139,005412,007992,004450,003713,004420,006875,004748,007407,000954,003635,009664,000700,008582,006666,003038,002266,002873,006348,007450,008997,002214,008146,002444,006705,006888,008512,006086,008584,000772,008474,000716,009753,003415,005895,006319,006282,007987,000417,006273,009523,008879,006925,004310,005740,002419,006365,003266,006130,001852,001225,003085,005212,008284,005410,009773,004671,003231,003274,003327,009903,007808,003053,006933,000789,009373,002818,005774,007480,008849,002927,004057,009151,009707,009078,000528,008748,008597,008548,007406,009159,004651,006536,005466,002805,006765,000312,002824,008931,001395,005705,004705,003022,007047,005600,003867,002596,008808,008737,009960,004662,005718,002933,000905,009037,006741,000341,001463,005571,007314,009290,007638,001560,007477,007036,004907,005042,009702,006076,009122,001640,009026,005716,001097,001173,000095,000146,002735,009685,004492,007336,002256,002051,003696,002370,000673,009438,007864,001205,008125,008147,009379,006575,007259,002840,003410,004849,009539,006743,002510,004649,001563,000033,007363,002765,008881,006834,002674,008592,009850,005684,008334,005820,001334,001346,007188,003406,006156,001282,002739,000212,001279,007916,006147,005122,003680,000743,006077,002644,008361,006499,006816,002556,001775,001065,002165,001742,002257,005443,009460,005519,003814,009888,009258,002692,008024,009734,005375,008969,005145,001051,005828,002939,008168,003954,003433,007547,003960,007607,008029,003011,007091,008373,009315,006115,009144,006665,006687,007838,004626,008756,005430,002330,000982,006584,002106,000843,004507,008500,004589,005991,009564,004127,009376,001444,003850,008303,000122,008700,000786,002277,004939,008209,006304,001690,005140,007747
NPU,002991,005037,004817,000766,004329,001350,001472,009397,003448,006621,006262,007137,007389,006419,005494,008345,009557,005636,008069,003688,007713,008912,004980,006021,009645,004692,004760,009518,006293,001720,005878,008770,001784,007997,001075,007584,004308,008047,000575,002421,005748,008614,004315,009452,000960,000361,001355,009108,002016,001734,005435,008216,006318,003633,003120,003278,008195,002158,004453,008874,001221,006793,004402,008289,009346,005556,005245,009588,004421,002578,007909,005075,009260,006535,004241,000591,001187,000249,004509,006989,000826,004604,007592,000725,009439,006827,001002,004142,000368,006089,006368,007392,001287,001245,002910,009484,001686,007945,006850,003505,005094,006264,001392,008519,006565,006380,005979,005679,004786,004414,005884,002865,002340,007170,000681,003862,003562,006313,004697,006424,002345,008972,008545,009114,003498,001241,002742,002943,007800,003915,003720,006186,007253,007214,004231,001230,007795,002672,008222,009410,006426,009571,002178,002995,007282,008311,005785,008658,007080,009633,000058,005422,003290,009806,002707,007511,003965,001503,005079,004664,003988,005488,004735,000839,005865,001182,005585,008446,008731,001272,004837,008976,008509,009319,004882,004901,002511,000571,006779,008133,009402,008272,001661,008154,009001,009961,004959,001164,001035,001183,008554,002916,001726,007138,006019,001117,000227,009190,004627,007321,008898,006791,007882,001562,000950,001972,006821,006965,004076,000610,007424,003901,001871,004978,000311,009463,005945,004672,005192,006837,007057,005239,007810,005127,009392,005658,004174,001798,001668,001090,007732,004445,003152,000443,005336,009046,008008,002491,009673,008495,003268,009253,005156,007816,008299,001407,002562,002425,006754,003534,003123,002907,000639,006118,000542,006942,001853,006603,008211,005610,005041,003971,009136,004527,008229,006102,003853,002585,006008,002525,007527,004747,009985,009916,006752,008784,005663,006003,003047,006839,009747,009343,000034
NSYSU,000495,005561,004392,005767,001596,005860,004263,002278,006797,007866,006829,001439,007378,006121,000808,005114,003558,000136,000927,008347,006761,005559,003799,009688,005380,003110,002906,006184,004568,002483,008772,002988,003986,006633,005552,009852,001946,004859,003353,006972,008761,003112,000123,002172,004522,007033,001709,000246,001273,006589,002182,005351,002890,006244,009560,001142,008106,000041,004318,001782,005068,004832,009235,009951,003133,002490,000916,004544,002546,006254,004474,009191,009805,003930,004900,000622,007093,001471,000746,007341,003441,009479,002860,000757,007506,003048,004196,001544,009830,009449,003936,000989,006443,001683,005401,004191,002942,007601,000104,003591,008530,002478,008054,004259,005925,003195,008190,002275,001379,002634,008161,002050,006189,007402,005007,009287,001224,009886,009465,004086,004927,008913,003630,007022,003067,002461,004324,006634,005606,006188,005831,007200,005764,001508,008339,008176,006139,006294,006361,005310,003178,002328,003419,001910,003471,004752,007769,006412,007435,009959,004342,004281,009259,002972,005292,004657,006381,007175,005690,006321,002156,007376,003715,009958,000338,003283,007190,008971,001044,003356,001100,000251,007103,007962,000562,005118,007260,002070,000776,006688,004222,003197,005912,000103,004227,001535,008269,000006,006541,008482,000031,009297,002633,008953,006507,002002,004060,008193,002983,009482,003813,002831,006297,003942,005776,001260,000464,009585,001765,000290,004996,000353,000943,003163,005255,006993,009057,003066,004783,004442,001415,005225,003305,006258,007613,002392,001057,002827,004805,000966,003175,005185,004355,008963,001490,002018,005106,000854,004995,008224,005972,005236,004598,008274,009459,002879,004759,007835,009128,005159,009457,008624,006387,000161,003187,000347,003245,002074,001774,005836,001399,008448,006855,008245,002920,002148,000607,005455,001063,007582,001162,000738,007796,007929,003717,002731,000679,001317,006649,007608,009323,005344,005002,004305,006722,002658,000410,008654,005499,008343,008463,000930,007249,002085,001697,001009,007017
NTHU,003313,007662,006768,000049,003895,006289,001859,001030,003006,009431,000787,006727,008139,009899,000106,001073,000266,000616,001169,000418,001170,006400,001778,004684,001479,004591,007388,000957,009322,007508,009164,007129,003063,001621,008137,004968,004162,008254,004339,007494,001374,000260,002350,006212,006458,003639,008996,009284,005107,007359,004712,007725,009595,001283,007293,004677,002799,008612,008144,007676,005847,005951,000449,008693,009708,001701,007950,006165,000655,004804,001739,009770,003270,003422,000431,009790,002288,009467,007400,007339,001095,009059,004899,001912,002581,005940,000222,003387,007690,004948,008744,004448,004314,003765,007562,007346,001607,007269,002643,001120,004938,007064,006016,007594,001975,002543,002979,009058,002854,009964,006486,004204,008930,001542,000775,006207,000170,002139,005382,004277,005190,003497,006135,007285,001410,001086,007774,008228,007956,009165,004400,004896,002052,008643,007144,002648,000991,009285,004888,008822,000985,005874,009597,001140,007635,005673,000388,006626,002594,004229,002321,001962,000366,007550,003525,005578,001947,006263,003202,009699,006187,005754,009971,002224,004180,008094,002223,001943,001598,006701,003493,000205,004675,002089,007505,000220,007883,006612,002682,001999,009101,005242,007854,007784,000668,007741,009106,009424,004972,007643,005700,008535,007465,002316,007438,002394,000436,005885,003246,003251,002298,005609,005117,004660,007884,003485,003783,002459,005654,008415,000233,005202,004062,005078,007764,003350,002477,004623,006084,004802,006598,004885,004282,009687,005257,005286,003056,008868,002153,007006,009619,009506,004549,004638,009726,008304,009599,004290,003361,000978,000840,008790,004616,003599,004121,008468,007855,007354,000061,001722,004725,004110,005343,009382,006210,002716,000373,003943,004499,001864,009499,009998,001288,006358,000593,002378,005579,001352,002764,004813,008348,008217,005264,007574,008980,008332,006223,006403,000882,006999,007857,006566,003629,004260,001643,007693,004702,003691,007580,005546,006852,000345,007919,002136,004494,007885,001060
NTNU,005813,008696,002566,005661,001202,009501,000334,000804,006465,004434,003510,001922,009409,005200,005799,009731,008701,006437,008703,004621,009944,002838,007046,003375,009543,004133,005990,002788,008697,007649,008994,007685,008542,005723,000693,008802,000807,003102,009169,000237,007097,001541,009437,001248,002025,009983,006022,003161,009892,009295,001511,003093,002507,007646,006405,002914,004428,009400,008952,009567,003094,002857,000921,003131,009205,001050,006438,002129,000635,002115,004306,009767,009683,008395,000737,009103,003335,003405,006997,009651,008642,007106,006329,001624,001816,008513,001043,006357,005812,000527,002810,007119,002778,004545,004257,003075,006969,004126,007426,004116,007716,003883,008937,002067,007264,008695,006252,009928,006146,005857,005047,003597,007156,000846,001635,004124,003694,001704,003617,005048,002545,004252,004099,008811,008098,003443,000398,001003,005928,004270,000064,007680,007076,006410,006508,002971,008689,005717,009477,006516,003704,004531,006386,005034,002191,005694,005719,003207,004489,008206,008679,001555,004784,007691,002443,001098,008227,001738,004037,003052,005273,004475,008444,000962,006215,001329,003774,001837,005077,003614,002580,007853,003427,007412,003997,006502,008383,006359,001135,002767,006080,000934,005904,004769,009146,000871,002395,006617,000148,008743,007718,003894,001554,003615,003872,003037,007541,005129,007015,007050,004566,001188,001667,007670,001749,004335,006322,008265,006872,005864,005393,000101,002845,000474,007923,006514,007709,001574,007316,007534,008851,003023,006490,009212,009168,000230,003439,005484,003655,005859,007089,000904,009372,005179,004182,004739,001788,001209,009279,000884,003763,001854,000631,007951,003391,008073,002090,008876,003396,001403,007869,007086,008397,009512,002999,004271,004842,009413,008319,007159,007251,003068,006720,006615,000001,007342,006683,007442,005645,000221,007475,001713,005168,001473,007457,004679,001989,004301,003989,000785,009787,002167,009218,004209,009722,008707,009695,001496,004147,007801,000819,002432,000247,007380,000494,007901,009799,001338,007877,001402,002842,002152,003733,004678,007577,002618,003413,003611,001706,001628,007209,003978
NTOU,002379,004061,003227,005279,007930,005400,001626,008365,001888,004431,000586,004443,001730,008317,002900,006679,007308,003659,004808,007491,005992,004906,005914,009837,008910,003438,009622,000145,009905,008621,003341,004433,004158,004264,006552,003517,000362,004629,006425,008609,009834,003711,009263,003618,009133,002005,000612,006956,007666,001151,000412,004653,002851,004476,002012,007807,007311,000724,005417,009166,004607,008985,009440,006491,007055,006898,007186,007615,007833,006667,007579,003435,004599,009612,003877,008865,008049,001359,005189,009025,000719,005072,000932,002747,002952,007343,006095,000792,002311,006801,005551,001351,008277,007466,008635,007205,003205,000944,004505,009188,005729,002387,001877,004848,005620,005787,006764,006111,005947,003301,000097,000701,008901,006051,003776,003404,000779,000163,003142,001201,001891,003028,003481,003311,006951,001219,000239,008013,009342,009686,000094,009426,000626,006145,007553,007625,005955,000167,002267,002427,004722,002532,001518,004169,001363,007583,007600,005423,000624,008502,000970,008025,005969,008396,002868,002163,007379,006808,003608,000428,007096,005146,002548,001158,004984,007634,005315,003559,008887,005031,008599,005453,002043,004960,004437,006371,008115,007751,004744,005738,002724,007333,009629,005634,004235,005783,009556,005735,007479,005004,009561,000581,001521,001974,005697,001455,003514,003153,000489,003530,001698,007780,003889,001557,007445,004548,007195,004879,003233,007100,000427,004135,006040,006482,002937,005737,009666,003024,000025,006311,005727,006367,004820,008268,009758,002133,003167,004249,003114,006117,000297,009937,009552,009572,008432,008439,003689,001756,001168,001335,001674,005262,004210,000758,009493,005855,005808,009667,009229,000358,008521,002296,001298,002691,004385,009716,005736,008341,000213,005704,005810,001134,006732,009917,003226,005984,003330,000308,008221,008039,007303,005987,004698,004625,009358,006190,005089,009763,006571,000629,009374,000283,002218,000111,007836,000490,003332,004659,004801,005216,002621,001018,006736,006749,004915,007068,004245,000439,006504,002396,002095,004372
NTPU,001181,007682,009807,003970,004669,002962,007947,000977,007481,006455,003232,006537,000645,002538,009522,006429,002463,005062,002004,004187,007441,008651,004794,005268,009681,007631,003727,006832,003213,001755,006390,007364,001556,008629,008690,008959,003373,008003,002245,004493,005483,008558,009832,006681,008293,005043,002098,003538,003612,002909,008999,003128,009010,009798,005659,002367,004238,009047,002768,003912,000625,000734,008203,005509,007819,009296,009445,005640,006140,009829,007959,006043,008932,001052,000479,007972,003718,007875,009141,007542,005919,001038,002663,008746,003875,000155,001906,003778,003516,004130,008630,003250,001313,002866,007229,004368,005458,002127,004773,000599,000426,008250,008824,005071,001875,003540,006712,002429,009725,008885,001711,005672,008674,008328,005398,006407,004721,003496,007871,007423,002908,002500,005213,000395,001367,000583,003841,004942,004762,009353,009327,001845,008617,004233,003164,003299,000514,000153,006826,003623,006331,008595,007019,009844,008486,006341,009035,005933,003753,001401,000747,001826,003420,000729,009433,008948,009675,008934,000018,004273,004620,006657,003710,001573,001406,005101,009816,007991,001418,001377,001080,000953,002708,005978,001753,008813,006517,001647,007943,001373,000510,001449,001447,000021,009076,003526,005364,001139,006654,003590,004513,000003,006078,005196,002944,000301,005744,005900,001733,006271,006360,007065,000537,002040,000863,005132,003174,001865,009936,007612,004179,006209,005674,000755,002482,006984,009885,002783,001850,009700,007142,007623,003137,009925,007813,001239,001939,003945,003928,005334,005203,009389,005539,002576,001276,002220,008565,009054,006373,007532,009771,006655,002341,009511,005281,004902,004268,000107,005804,007325,009906,004577,009692,001263,008815,001432,003953,005715,007815,003888,001985,001721,004246,008316,000931,005378,002036,000132,003511
NTU,002762,009019,007560,007684,001870,007841,000023,001369,007844,000484,004296,002628,004353,007757,004399,005253,005374,002953,004609,009994,006501,005283,007821,001226,000763,006160,006543,006795,004824,008888,007203,009616,002931,009189,006977,004559,005850,004880,000172,002878,007887,007126,003785,000979,005418,004007,004641,000087,006521,002284,002319,001128,003803,002108,000919,000810,007013,004886,004766,005368,005867,009828,001385,004490,004023,003298,004536,006924,008052,009835,005852,009845,008247,001944,000741,007218,003981,009794,002787,001193,004726,002128,001203,006785,009592,002904,000236,002487,004461,006343,005833,003703,008220,009545,004741,008523,007023,003828,005497,003072,008097,002617,001811,008652,000016,009175,000261,005366,006651,003338,001469,002192,008165,004156,006643,000318,006550,008278,007712,007558,007297,004125,005429,009311,002055,005030,003907,001256,006230,003212,007431,004833,009732,006863,003503,007250,006553,005167,001524,005054,007492,007563,006457,008628,005830,004800,008369,000485,001789,005377,001849,007826,003393,002398,004417,003856,009420,001558,002364,001176,006206,003018,003595,000081,001848,005838,001625,007135,009527,008062,007265,009923,008427,001803,006927,003138,004656,005197,000667,004117,008018,001616,009313,003749,000296,005294,009201,004338,007805,009782,000377,007157,009435,009610,001707,001967,000004,002309,007663,004897,003588,006737,004347,008196,000508,008235,002812,007515,007782,002697,000888,001839,000482,003669,008464,003651,004198,005476,002714,005513,002987,008981,009569,002072,001951,000142,005572,007655,000406,004839,002792,001595,004757,008892,004644,000720,002828,008333,008266,009462,008428,008191,004017,005927,008239,007286,009654,006163,006272,002527,009461,001356,003918,004592,009719,000282,009056,001758,006932,004316,006783,002030,007803,005055,006721,007539,000657,009780,003743,000497,004645,001575,003211,005149,003261,005651,002738,003922,008615,009152,009789,008187,009129,002175,009696,002251,005675,004857,009933,003272,000838,000605,006056,003632,004755,000401,006909,003352,006136,005240,000646,006887,002204,000333,009882,002259,007456,003784,001249
NTUB,005681,003462,005403,001118,001777,005424,008163,006460,008438,000990,005035,008907,000325,005320,001768,008941,005819,002460,000432,007895,000600,006291,006088,000323,006009,000988,004732,004770,001382,000339,007922,002684,003183,004714,004079,005261,000568,001534,000827,005367,008844,005297,000913,006724,004218,008121,007292,002726,009554,007192,000409,003383,004781,000419,006619,004862,000946,001520,005386,005652,007908,001572,002761,000634,002134,008938,003386,007602,009002,006723,003000,000048,002706,002083,005097,009348,009847,006631,002373,002486,005024,005772,002719,003933,000057,005155,006355,005263,005204,009743,005523,001027,005021,004928,005373,005026,006570,009328,008040,008202,007587,006810,001021,008576,002235,007852,006653,009386,004515,009804,002568,003939,007927,001638,004981,006949,002781,002122,005997,002331,007935,006515,005325,009271,004582,006399,007759,002415,002575,005234,003179,000824,007307,003609,005790,001290,009468,009277,008496,001820,008760,000560,003913,003788,002416,002155,007597,001039,002986,002973,009223,009366,003282,005259,001804,004283,004470,007421,000269,006760,004729,002678,001390,006060,009940,000190,000121,004285,004348,009099,005000,007276,002111,009863,004799,007960,008511,001884,000112,000971,002059,004364,001983,000691,006700,006899,002992,009962,001370,002239,003758,007827,008682,009820,009922,001481,004175,009946,005120,003478,000402,009236,000267,009336,002150,009872,009052,004680,006114,002242,001682,001293,001253,002208,005288,008330,007652,008314,003992,005986,000133,001405,006620,002598,009525,000749,009080,002836,001125,007588,001987,008409,005322,000687,009510,009090,009087,000481,003423,001056,004084,006757,000898,001255,006695,004940,004877,000739,007473,006525,003054,001271,004743,007528,006929,006682,003822,003087,000797,006691,008984,003678,007589,006686,007957,007694,000515,008632,007743,005321,009611,002219,008665,002372,009411,008765,005198,001484,008564,005300,003360,005503,004363,000868,008451,000238,000144,001646,007105,002450,003295,003368,002964,003158,009876,002723,001821,004916,001763,000705,008134,005621,000143,007777,001632,006518,001031,001218,004630,003835,000533,008720,005266,004816,004987,004606,009540,005388,003421,000614,003370,004108,009887,007118,008259,007834,006822,005137,007185,005664,007300,002505,001773,009737
NTUNHS,009764,001492,000178,003431,000433,000352,006218,002099,007463,006067,003968,005083,004225,006593,000592,009750,008871,008127,001622,007063,002380,009901,004422,007150,004386,005014,005439,007349,006011,004447,007842,009757,008709,000997,003553,002807,001664,008418,004435,001568,002433,005063,007711,009642,009150,007995,002958,002622,003467,006391,001716,005333,001404,006253,006511,004924,002447,004033,006434,006976,009679,007644,004300,006228,007758,005391,003937,007067,004563,004050,002513,001465,007362,002121,003254,002849,006669,003636,001548,009064,008589,000928,009827,003073,008551,002323,008364,005058,006330,008769,005358,007330,009084,001416,005871,006689,000241,009427,001419,009044,008848,005909,003369,001926,004853,001033,000331,006510,004574,008344,003825,007182,005022,001243,000615,009008,004523,007016,002287,008485,003466,004003,005211,005608,003941,009060,008445,001905,007018,008483,001799,003111,006994,001669,005238,007121,009986,000262,006953,008398,007633,003045,002118,005924,009077,001838,009231,005756,006126,008925,006988,000384,006742,001286,006324,000191,001791,004423,008155,002640,003194,003271,003236,001959,006473,000759,002776,003698,006728,004087,002184,008585,007540,007928,000369,002140,009109,000085,007851,007275,009989,006229,007599,004795,004030,002567,005550,008899,004430,003518,005187,000452,002494,009995,008113,002913,005153,006061,000656,007687,005536,000791,001322,007658,000108,000555,006257,008036,002773,007021,007187,009831,007452,002954,005482,001567,008429,007312,007906,005698,000501,005493,008944,001553,007202,006469,006323,006846,005626,007196,009812,000270,008391,007059,001948,006604,008861,002471,004693,005450,003449,000788,006843,002923,006789,004994,005046,003464,003868,004407,000941,002737,000801,007502,001237,004661,007440,006002,001025,002488,009967,008019,004221,008441,006613,006176,000244,008353,007773,007983,005413,006266,005478,007830,009174,001312,007637,009243,001597,001394,003430,009678,003222,007262,005201,001091,008185,007081,006674,000002,008372,001657
NTUST,002303,009669,006436,007605,005861,005510,002190,005650,008856,006519,006673,006303,003789,001956,008517,005248,002113,004706,005806,001761,006936,004018,007752,001437,003444,006987,005017,008753,006562,006642,005935,000051,005313,001231,009292,009256,004160,008291,001760,001042,003944,004567,003782,000893,004569,001487,009255,007559,004346,003869,006470,005406,007256,009796,003118,002850,003806,002520,002806,009416,007078,009393,008590,009304,006773,008241,005084,001306,007133,008820,002455,001659,002454,006125,002930,005998,005272,005588,004034,008379,002551,003089,009541,002771,001433,002976,005971,003563,000939,005983,007733,009020,001324,009476,003874,001577,002071,002468,001620,009851,007788,003528,003767,004307,002870,008555,005183,003791,009584,006418,003920,006327,002744,009988,007791,005256,005039,006588,002713,006281,000242,002212,008587,004458,006463,004530,009401,000305,009116,006328,006985,008987,008208,008717,006806,003219,003824,008896,009817,001327,009810,007671,007675,000678,007042,008462,000799,009396,008434,007500,007756,001147,005438,004990,007925,009608,000343,003625,001973,004024,005752,000157,005100,001331,004214,002980,007234,001232,001210,007665,002509,004287,001254,004078,003676,004617,008058,008014,002439,000454,000456,002322,001425,001986,009878,009361,001507,007368,007858,002445,009485,003014,007166,009883,009288,004415,003224,009856,009153,000965,001398,008804,009043,000159,000617,008974,007351,001159,003339,004320,002238,001368,008841,000841,008076,003172,002168,005023,000879,003348,001083,008767,006231,008855,002338,008686,007443,001315,002956,001834,007905,002358,007348,007761,002990,003071,007225,009395,002020,000225,001708,000115,008256,000663,001851,005851,007408,006648,007914,007125,009868,008381,005224,004088,009505,006823,006389,008926,006406,009399,007464,000813,002094,005489,006468,009924,004485,005060,009797,006415,004825,009772,002875,008158,000035,001174,005826,002950,003628,006652,006035,007557
NUTC,000633,002693,007485,005823,002785,007526,006112,003734,000288,006867,001802,009811,004941,004274,004498,009701,005229,008044,003728,009818,002589,003291,002989,008004,009387,001172,003665,003092,007277,003671,001744,006824,006891,000632,005319,001841,005587,003185,007174,002710,007705,008011,005194,008261,004031,003191,009993,000857,002681,003570,001105,007926,007009,003255,005594,004401,003160,009746,006440,002823,006940,004517,008085,001754,000696,002970,001637,004771,005886,003154,003861,006934,004325,004189,006195,002700,002437,005714,001890,005853,008623,004551,001450,002741,003561,001580,006908,002492,003057,009195,007696,008666,001121,009717,007614,006848,006825,005175,002705,003182,007287,006885,008487,001564,001825,009298,007090,002847,000856,001412,001660,007979,007912,001691,007034,004369,004101,003706,008172,007026,001843,003851,004922,000071,006057,009363,003821,007393,000652,001979,001259,008966,006133,000228,004904,001160,005741,004327,002592,002547,003542,004228,006678,007516,001223,007151,002397,006599,007518,001971,007495,004148,009249,002324,005481,002046,007025,002763,002343,006602,006013,000096,000933,007556,001764,008063,008413,009836,004472,006494,003296,000359,008456,002957,003181,000892,007596,002945,009879,005138,009781,009173,005327,000005,002054,003951,009559,008380,002614,003585,001236,009007,002431,006677,000703,003834,004381,001309,005311,009809,006268,009659,001938,000415,002835,000139,006523,006694,004334,001767,009011,000125,003815,007790,001861,006151,001493,008539,002092,009871,007697,004284,005827,000255,008048,001480,009145,005995,004352,000659,008060,008074,008061,000706,006017,003620,004413,006224,003302,003117,004819,003663,003126,009786,003866,002642,007785,000055,003127,009671,006309,004736,005846,005584,007986,009180,001391,007107,006240,004418,003648,006005,000465,006471,009839,007856,004250,003934,002786,001642,009765,003186,001627,008031,002626,000371,009332,003721,000046,004444,001925,002925,005080,000240,000180,003230,002209,009774,008068,003837,008939,001211,000507,000531,002164,002261
PU,002515,001381,009848,001847,002056,006422,006096,009300,001101,009579,008401,001494,001949,007035,002917,007728,004738,006334,001265,006107,002371,000447,001222,009337,006068,006000,008354,001397,002186,009596,001062,000584,009062,008091,000044,002109,000335,008179,002434,000715,009267,004557,004223,009227,002789,002393,008201,002299,004701,002743,008129,006587,004903,009589,005232,005782,004587,001023,002518,003457,003434,004665,005405,006551,003904,002086,007172,004111,001127,001644,002893,004891,002022,007659,008070,002816,000525,007581,008382,003450,007902,000202,001984,003062,002537,008840,000090,003244,003521,004408,001649,000252,000119,001608,009458,007667,003638,004359,005530,000492,002114,003002,009714,002426,001641,006363,008033,007755,005921,002103,000050,004789,001936,009028,004884,005038,006166,003916,008837,008949,003447,001876,006283,002748,007323,007433,000263,003357,003919,000416,001601,004892,003712,003832,009314,001371,003660,003927,008727,009156,009486,004054,006647,006556,001611,009891,004860,004213,002166,004846,001408,005477,004337,009632,005691,007306,004858,003333,005709,001797,001609,007622,001545,000355,007155,006583,001502,001830,005724,002649,006734,005128,009550,005607,001358,003004,009534,002075,007880,009712,009283,007967,007153,000817,004172,009203,009187,009269,003346,000721,002206,004854,005930,005733,002963,000912,006006,003911,008541,009102,008572,007455,008436,001579,007896,005376,003755,000835,005220,009481,003479,008788,001376,006481,003702,002366,003961,006484,004298,004586,009587,009859,007529,000975,009591,000114,000060,006474,005081,009555,008728,003334,009176,003308,008377,004673,007320,008480,004272,000056,002794,007775,006512,002800,004775,006350,005666,000702,007679,008573,007692,007730,000455,008489,008387,008778,007120,006766,005191,004730,006010,002863,006959,008782,006372,000764,000156,003007,007375,001328,005881,005370,009206,009496,005462,006996,004040,008897,009842,002902,008977
SCU,007327,004632,001779,008285,005258,003025,004580,006738,001893,007488,006205,008375,004508,009908,008783,005243,009857,009198,007606,009492,004011,008402,008812,004707,008867,000471,002354,007215,008606,000697,007590,007859,009072,008923,002758,005541,001935,003151,007385,001129,000344,007289,005005,000483,003258,002464,004526,005115,008089,000647,005511,008858,009224,009965,002650,002839,009932,006225,003699,002559,008363,004357,008619,003556,001909,003235,002157,002801,003684,006302,009729,007237,007075,006656,004935,000771,008990,001874,006664,009756,005938,002637,006851,002356,003820,005811,002752,000232,002542,008130,008414,003535,002282,007273,009425,002968,003996,004178,007238,003400,000676,005671,005498,000640,004561,007003,005326,009594,007549,009721,009875,008454,002198,004143,006335,004085,005195,009957,004319,004843,008561,003486,008962,009415,002313,008321,002274,002300,005637,004893,006164,007719,008192,006235,009769,004019,001539,008507,006201,000286,009838,002959,002932,007177,000682,002669,008263,001918,000858,009513,005963,001387,007396,004547,008249,000996,009760,002888,005751,007961,005470,009623,009593,005913,004090,005970,000120,005249,009226,008726,005817,002897,007298,008295,003010,002097,004122,004039,005394,004700,007657,005616,008111,007668,003392,008835,002720,007762,006129,006529,006871,001423,003982,008998,000279,003156,006886,008393,002021,007523,005535,006894,007158,008894,007094,009646,009727,007734,000811,007904,003058,007888,001461,002143,000604,000718,007748,003016,000947,000852,001426,000349,008371,004576,004139,004588,001921,001569,000029,003177,003176,002848,001991,000530,001932,001266,008136,000329,003748,005486,000730,006998,007355,008687,005445,006175,002252,003738,000506,002613,000007,002228,003760,001844,002825,000860,006070,000805,000936,001904,002187,007274,006383,006947,001776,004863,009246,000800,004639,001475,002185,005237,008331,001687,005892,003622,007127,009352,004687,007319,006660
TCPA,006725,005614,000183,006402,003208,008360,000573,002751,001001,007717,008386,002798,003364,003646,002467,001997,001438,007611,001016,006250,006203,003145,009711,000972,004371,005988,008537,006554,008499,008914,004071,004131,008929,005801,006944,008734,004065,007832,002915,005975,005527,004668,009718,005182,004321,000407,003412,005487,008112,000998,002712,003416,009345,001958,006563,003379,003259,000467,003594,006497,000968,009749,002006,004009,003873,008774,003826,001274,006697,007765,009795,008810,000200,001305,004471,002623,009526,004814,005829,000545,004914,000434,002234,003957,004647,002569,000211,000564,001880,002317,003959,007641,004193,001819,005582,005999,004998,001460,003328,003267,005345,000468,006558,005726,000851,003948,008789,004610,002718,009032,005564,002811,006859,001094,002975,007031,000284,001736,002474,000271,005545,009309,007817,006048,001615,004768,001846,001919,008199,000102,004954,007736,000354,001842,002476,002312,004923,007572,009649,007211,009999,001645,005012,002911,003757,000223,005849,009048,007982,008916,007514,001934,002734,000243,009980,004041,005471,005989,007165,007984,007704,004602,006123,003656,003668,002754,004152,003080,000733,008662,006990,003994,008494,002727,006692,008300,008484,000185,009466,003975,004333,006339,000761,000470,006963,008552,008705,004533,004970,008961,002694,005095,006217,001727,003293,002549,003858,009841,001108,008771,006138,005601,005362,002065,006173,002241,000694,001037,001505,001192,006561,002440,008611,002947,007520,008598,001076,008081,007043,003940,002666,009412,007270,002061,001348,000502,006411,002116,008092,004047,000669,005753,003134,009370,009634,002922,003742,006645,002993,009303,002225,001928,005011,009239,005918,006094,009647,006780,006337,008301,001360,000536,001229,000259,005575,002449,005492,004426,006069,007996,004539,004550,004541,001300,004974,003171,008880,007731,002233,001752,002667,007134,006498,008580,007593,000744,002588,009604,006971,009085,004831,004376,000895,005404,003848,000590,009214,005520,003736,003141,004788,001486,005053,001257,004869,009509,005922,000914,004128
THU,000509,005957,004103,004253,008090,004255,000462,006917,004291,000199,001878,001872,002524,001729,006439,001096,001614,002357,009033,003811,007977,000151,002318,004297,003374,001047,000498,000565,006032,004323,005193,005427,003990,005177,000589,005526,006919,005148,000032,005543,000505,007228,008472,008411,006861,007049,007683,002138,006113,002246,000197,003995,001964,002007,005131,002391,001141,004382,009042,006058,003679,000710,003532,007519,009446,002076,000623,005566,008346,009264,000664,004637,005866,003714,003973,004261,002770,001119,006506,004655,009562,008787,006860,003470,003906,007371,001029,003812,008467,004883,006394,002624,005565,005967,009974,002243,003722,006308,004997,009979,009553,009055,007014,001732,002889,006915,005402,009939,004977,000620,005746,005227,004432,000411,001881,006704,008015,007395,007271,002929,001700,006083,008200,006864,008992,006781,000847,009672,001658,009075,000522,009354,007087,007053,004585,009638,004950,002791,006441,002673,005837,006269,000815,009487,008568,008322,000459,003476,006378,007874,002506,004937,007783,007544,009250,001731,008243,003051,006906,000117,008752,009573,004171,007703,008928,009207,002495,002142,005383,001233,000182,009237,003747,007313,001792,007952,006601,007386,008128,009086,005581,006574,003388,002856,009407,006154,003077,004398,007552,004856,006753,002725,003009,009938,007891,006119,004055,003189,006208,002685,002736,009242,009497,001299,000520,007154,004949,008088,006049,000275,001894,003950,007104,000289,003855,009728,008741,008678,004500,000820,002504,008864,008764,001079,004201,007660,008281,000870,007132,008027,006622,003218,001270,006251,007032,002940,006730,001629,009417,001467,009759,005420,000597,003864,008575,002539,005869,000675,003843,002435,002472,003984,006763,003935,004983,005468,003524,005563,004844,002262,007201,009776,006150,004145,003143,004256,005029,002124,004134,003079,000400,000603,009202,006161,002841,009586,007617
TKU,002609,001699,004703,002382,000849,006270,006921,007487,000690,005504,005446,005557,007686,007008,009927,008669,005308,005981,007548,000342,008313,007296,006547,009549,002066,006108,002756,001189,003724,002213,002162,001510,002746,009294,001143,004868,006459,006579,003790,003475,003411,000217,008252,004288,004932,007639,004779,005882,008082,005633,007831,006830,009245,004373,009199,005941,008045,005769,003201,001466,000821,009854,009179,004976,006594,008656,001930,000389,007989,002521,005001,000845,003781,004694,002084,009793,004006,006707,001451,004091,006794,000654,002207,001059,008883,009234,002125,001445,004269,006632,004144,008870,006401,007131,007417,003725,004815,008232,004454,009909,006671,001981,005734,002008,000627,000637,002844,006423,000650,008793,007772,001835,007932,008007,007315,002541,008525,007510,000782,009192,001800,002335,001242,004909,002503,007767,002965,009208,006503,008755,000364,000567,006031,008294,006374,008213,004925,003887,001780,000179,003060,004405,001808,005917,008935,006370,001326,000017,006591,006413,005274,001833,001344,000769,002536,003046,009792,004546,007146,000736,000902,001040,001308,006081,001200,003180,000098,005923,008796,003381,007243,004010,005873,007892,003451,003584,008735,007870,004094,005798,005996,001561,001603,003382,003454,002078,008498,001783,007779,000287,004652,000493,001482,000636,000976,006131,001927,008777,007084,006018,000641,005143,002565,009494,005898,003279,007999,007760,003409,009185,004063,008392,002636,002729,008889,001126,002388,005932,009428,004374,004613,009826,007194,006449,007066,008038,005447,007374,002493,000140,000304,009281,001199,001041,001157,004540,009000,000099,003030,009334,000093,001694,000876,001809,000569,008505,006493,004830,001122,001866,006813,009220,005104,005020,004114,007471,006197,007640,001856,003838,002032,006312,001132,004328,003692,002462,002344,007248,002664,003726,004615,009177,000753,000370,001366,003716,007109,003106,009289,007478,002009,005027,005073,008460,002572,009022,002901,001771,004123,009181,000540,004543,007347,005577,002898,000372,004791,006950,009911,000794,004579,003914,000955,006110,004157,007978,000891,000559
TMU,006715,007001,008560,006815,001138,002822,002028,005761,001228,006876,000897,008683,000404,007681,004982,006628,004203,002918,006298,007763,005285,006247,004286,008405,005289,006817,003343,008792,006039,003870,002292,001623,003695,006745,005397,005090,003662,007921,003336,001929,002885,004295,009347,002217,001179,002448,005875,006243,004866,007223,002271,002237,001347,002894,000880,009723,000253,003708,006101,006472,002891,005390,008625,008504,007490,005480,005843,005749,002775,007798,009754,006788,000186,008543,008466,000265,009041,001805,005750,005669,005931,005533,000193,000704,009305,008309,005092,000938,007941,005301,002560,005950,004603,009178,009577,009648,009768,006542,005628,000137,009833,000073,008826,009265,007221,000175,005824,004014,006916,003583,008644,007575,003455,003621,002573,009538,004504,005893,004792,000328,002630,008903,001662,002401,004957,007061,003924,007776,005635,007302,004367,009293,002196,006912,002872,001284,002236,001156,009127,001855,006435,007524,003573,004821,004159,002903,002660,004176,008520,002305,008681,009641,005980,006524,003670,000315,002105,007786,003513,002815,007862,000292,007027,004001,009204,001590,004852,004013,002951,004275,006635,001006,008351,007373,007284,000674,003531,006812,000825,000929,002496,000544,007384,003775,007948,003964,001137,005880,002145,006332,005141,003323,004045,004619,007632,005317,001000,009779,006818,007604,004731,003602,002000,003893,002365,002480,005522,001081,003304,005126,003993,006098,009598,008135,000658,008631,003221,008253,009367,006880,003285,008117,003477,003830,008506,007304,000521,002553,008043,008170,005474,004344,007427,005760,009542,008389,002414,005372,009956,003890,003070,005901,004572,003507,007054,001227,004036,008497,000437,004683,006680,007847,006054,009384,008566,003426,006351,000460,002017,005295,002014,000727,003209,000154,009535,000082,000480,007110,005235,005570,007428,005966,000473,008613,005314,006122,007422,004403,006004,005994,003537,005781,002620,003241,004503,003033,006261,007130,007334,004593,004689,009063,006042
YZU,008754,008843,009751,007419,006650,001384,009900,006799,008164,004173,006970,007626,005207,001070,007804,000578,001393,005629,007900,001717,000408,000387,004395,002686,000529,001728,000576,006416,004583,008177,006023,000992,005870,005915,007056,009877,002010,000901,006256,003792,005618,001604,001613,000080,009095,000566,005553,004331,006055,008943,005233,006149,005835,008009,008408,004838,009502,003465,007818,006316,008233,005464,006776,000078,009860,006733,006533,008694,000015,008370,002334,006938,005646,006983,008010,006637,003390,009186,004648,004389,003910,005086,009926,003040,001085,009157,006388,007220,001537,006050,000958,007261,001314,003499,001007,004631,001940,009375,002281,003228,000677,007268,007624,005181,003690,003502,004709,000054,007545,002733,001234,000556,005580,005051,001990,000619,009519,004597,007698,004092,005309,001420,008546,005777,003344,007263,001089,009531,005611,006030,003529,003675,003515,009257,005267,005731,001790,003976,006811,006892,008775,007669,008021,008942,002023,004710,007964,004590,001454,003844,000385,006375,003568,005501,002715,007920,008780,004828,004473,006174,001823,004518,003905,006638,008410,004455,008877,001869,000774,006559,003019,008166,009082,007715,001747,006955,006155,000188,001759,001190,001375,001793,004958,001538,000302,008171,005891,006454,003170,005282,008336,001996,009498,000326,006841,002263,000187,003101,008143,002974,002946,004016,006495,007569,002314,002342,004378,004908,006865,009282,002766,003586,001907,001446,000340,002899,000613,001529,000735,008933,004874,001807,000091,006747,001153,005174,002062,002934,006922,009355,000499,004303,002703,004742,005385,009566,007940,008403,000557,009434,004026,004850,002607,000076,002291,005863,006340,003645,000923,009394,009210,009276,002599,004746,003331,006893,000336,008141,001516,004183,007735,006941,009748,006935,005625,003104,004080,000644,004878,004258,005615,009656,008547,008459,005340,007890,005590,008028,009990,009429,009421,009517,000823,005044,000258,009088,004464,000981,005906,006141,006333,008859,001113,006191
